{
  "AAPL": {
    "title": "Apple Inc.",
    "annRetPct": 28.841092402161188,
    "annVar": 1833.0611045010567,
    "cov": {
      "AMGN": 413.86930127040546,
      "AXP": 300.5530205477888,
      "BA": 217.19352697321267,
      "CAT": 334.9471024673514,
      "CRM": 566.7255939272218,
      "CSCO": 507.4002156094065,
      "CVX": 220.8899193955887,
      "DIS": 391.51000790692547,
      "DOW": 554.8410810951648,
      "GS": 564.3166710138826,
      "HD": 366.9387292680608,
      "HON": 251.1600062002429,
      "IBM": 387.1249981187408,
      "INTC": 761.4744194759761,
      "JNJ": 167.46388633164523,
      "JPM": 326.6826628600505,
      "KO": 111.06668331684187,
      "MCD": 223.57961528961914,
      "MMM": 222.82232297946922,
      "MRK": 75.75038481977373,
      "MSFT": 605.5651314787797,
      "NKE": 305.7290237196052,
      "PG": 83.54304899822587,
      "TRV": 165.84207677699982,
      "UNH": 166.67903472195292,
      "V": 302.10665714374187,
      "VZ": 90.95730954484455,
      "WBA": 188.1777867916686,
      "WMT": 226.8655156231036
    }
  },
  "AMGN": {
    "title": "Amgen Inc.",
    "annRetPct": 26.710205174826662,
    "annVar": 1210.1776871483319,
    "cov": {
      "AXP": 249.79449851995287,
      "BA": 135.91898662291243,
      "CAT": 93.91779816214112,
      "CRM": 108.0499791573225,
      "CSCO": 316.612094845467,
      "CVX": 121.52685127757667,
      "DIS": 241.37130141115006,
      "DOW": 398.91573839620855,
      "GS": 236.41811730910786,
      "HD": 280.95851453887866,
      "HON": 132.56875017962892,
      "IBM": 199.67352076082597,
      "INTC": 302.46541795884485,
      "JNJ": 291.97999388418907,
      "JPM": 220.45454982359013,
      "KO": 139.1377894562075,
      "MCD": 201.27700449307844,
      "MMM": 123.70852905582717,
      "MRK": 230.30792467296573,
      "MSFT": 385.217226189804,
      "NKE": 259.78707128947724,
      "PG": 206.15057675008353,
      "TRV": 173.07432358431652,
      "UNH": 277.42543580231745,
      "V": 158.91514777981016,
      "VZ": 74.49840792937225,
      "WBA": 263.17342382343946,
      "WMT": 216.87411402913347
    }
  },
  "AXP": {
    "title": "American Express Company",
    "annRetPct": 15.158958868760791,
    "annVar": 921.0771141273746,
    "cov": {
      "BA": 449.7621285623188,
      "CAT": 431.90156972625397,
      "CRM": 486.85075614383504,
      "CSCO": 397.49636737866456,
      "CVX": 262.0653765120461,
      "DIS": 429.84151074459305,
      "DOW": 749.6816761366182,
      "GS": 480.019343262494,
      "HD": 330.0386295642591,
      "HON": 394.4705376929619,
      "IBM": 259.75584840851974,
      "INTC": 379.4346427905443,
      "JNJ": 207.554955676794,
      "JPM": 547.8294543725511,
      "KO": 224.86520830855068,
      "MCD": 242.3243595763077,
      "MMM": 278.18290533956673,
      "MRK": 218.069121740416,
      "MSFT": 312.4184987058148,
      "NKE": 344.9973795731676,
      "PG": 192.33415089802077,
      "TRV": 302.83793920204346,
      "UNH": 346.55400314343035,
      "V": 422.9209424225961,
      "VZ": 168.4984434775179,
      "WBA": 285.1982348122715,
      "WMT": 203.63737754836427
    }
  },
  "BA": {
    "title": "The Boeing Company",
    "annRetPct": 14.444529282513308,
    "annVar": 916.1707110985744,
    "cov": {
      "CAT": 361.8617621982917,
      "CRM": 299.61232058920103,
      "CSCO": 307.5530939638728,
      "CVX": 252.34329700686408,
      "DIS": 367.6948314072222,
      "DOW": 978.1736174331252,
      "GS": 383.59221034166654,
      "HD": 240.78264492212227,
      "HON": 399.59404291356486,
      "IBM": 177.08620010818294,
      "INTC": 277.67890390334696,
      "JNJ": 157.97011157788242,
      "JPM": 323.2576080290128,
      "KO": 224.2841836700802,
      "MCD": 210.54600444663015,
      "MMM": 271.6329646433476,
      "MRK": 201.5996817245326,
      "MSFT": 178.18778897644378,
      "NKE": 340.1689181483523,
      "PG": 147.32495509069977,
      "TRV": 244.96381851523614,
      "UNH": 319.6022991084156,
      "V": 347.88633602451415,
      "VZ": 145.90744514548666,
      "WBA": 280.77701644940726,
      "WMT": 143.86310581133023
    }
  },
  "CAT": {
    "title": "Caterpillar Inc.",
    "annRetPct": 17.852402396325633,
    "annVar": 960.6913456054685,
    "cov": {
      "CRM": 507.20680510526375,
      "CSCO": 351.7914693716837,
      "CVX": 295.8817752070216,
      "DIS": 355.8148597939688,
      "DOW": 849.2968996670793,
      "GS": 456.7796302241961,
      "HD": 302.06779460673056,
      "HON": 449.019851522234,
      "IBM": 294.31453945802065,
      "INTC": 385.4197179955336,
      "JNJ": 153.0631117618334,
      "JPM": 407.59475290737424,
      "KO": 151.61788355639078,
      "MCD": 218.274787645586,
      "MMM": 350.84629192526995,
      "MRK": 167.31861035675618,
      "MSFT": 261.7521540593027,
      "NKE": 362.8745660636751,
      "PG": 134.4000670183631,
      "TRV": 259.06516860734666,
      "UNH": 255.52849484822696,
      "V": 298.9616543888024,
      "VZ": 151.0789397976377,
      "WBA": 237.05739775545018,
      "WMT": 157.26807215047558
    }
  },
  "CRM": {
    "title": "Salesforce, Inc.",
    "annRetPct": 28.04351378113894,
    "annVar": 1453.6737339598783,
    "cov": {
      "CSCO": 393.9347819806041,
      "CVX": 218.82650690318906,
      "DIS": 341.9624865400994,
      "DOW": 310.9723682472584,
      "GS": 457.7200840136426,
      "HD": 256.86348686233697,
      "HON": 331.48190159129746,
      "IBM": 249.85164833434888,
      "INTC": 349.5665675813798,
      "JNJ": 75.20136437370196,
      "JPM": 304.8316464795179,
      "KO": 102.41928369891673,
      "MCD": 187.8749211752998,
      "MMM": 225.00962125869253,
      "MRK": 115.66860984992638,
      "MSFT": 349.10402771364437,
      "NKE": 295.76186581004254,
      "PG": 90.9271568001514,
      "TRV": 178.98122956138806,
      "UNH": 206.20061150189173,
      "V": 349.06162135162606,
      "VZ": 105.58120836826672,
      "WBA": 143.80361028255956,
      "WMT": 77.00552871849534
    }
  },
  "CSCO": {
    "title": "Cisco Systems, Inc.",
    "annRetPct": 27.475021301992133,
    "annVar": 1361.1755925074558,
    "cov": {
      "CVX": 144.68504412054227,
      "DIS": 388.9856185390619,
      "DOW": 511.72048665870017,
      "GS": 540.7699735330407,
      "HD": 375.5470466634689,
      "HON": 368.3391868574461,
      "IBM": 401.4277665303493,
      "INTC": 723.4828109995345,
      "JNJ": 139.08710833489806,
      "JPM": 471.11866364611615,
      "KO": 169.9201048737088,
      "MCD": 190.80625191183432,
      "MMM": 194.82861085440078,
      "MRK": 169.65418879067113,
      "MSFT": 546.9300821899052,
      "NKE": 293.8845471969815,
      "PG": 128.8570210541128,
      "TRV": 195.26022328398244,
      "UNH": 275.59814967753897,
      "V": 281.5537289641504,
      "VZ": 127.50916145703569,
      "WBA": 253.52398434819634,
      "WMT": 203.49705029497758
    }
  },
  "CVX": {
    "title": "Chevron Corporation",
    "annRetPct": 14.629307754172737,
    "annVar": 506.61273973763025,
    "cov": {
      "DIS": 200.36196209619118,
      "DOW": 934.9298992789898,
      "GS": 294.4093928812481,
      "HD": 171.45810465929128,
      "HON": 264.6712414230694,
      "IBM": 170.62513721507696,
      "INTC": 206.13026709763184,
      "JNJ": 128.7742357640877,
      "JPM": 227.91313379942483,
      "KO": 116.82389045553694,
      "MCD": 166.18888530708864,
      "MMM": 174.1119053481445,
      "MRK": 105.6005241955801,
      "MSFT": 200.12984798566188,
      "NKE": 177.84160261498104,
      "PG": 62.92985474224882,
      "TRV": 198.42938025820735,
      "UNH": 150.94902360109626,
      "V": 223.3700212262776,
      "VZ": 131.81534515711792,
      "WBA": 147.77515110702987,
      "WMT": 90.02155957272556
    }
  },
  "DIS": {
    "title": "The Walt Disney Company",
    "annRetPct": 15.595599555015124,
    "annVar": 736.1572455799973,
    "cov": {
      "DOW": 688.2145993013676,
      "GS": 411.7712311095203,
      "HD": 289.1318025815716,
      "HON": 348.4416587224799,
      "IBM": 245.54320402454863,