{
  "AAPL": {
    "title": "Apple Inc.",
    "annRetPct": 28.784037912782473,
    "annVar": 1833.6949157340532,
    "cov": {
      "CVX": 221.24620440769814,
      "HD": 367.27561507561416,
      "JNJ": 167.6815657748018,
      "JPM": 326.2790060641544,
      "MSFT": 605.535044057996,
      "PG": 83.68487643886549,
      "UNH": 166.47390113861894,
      "V": 303.1434519959984,
      "WMT": 227.71620489328484
    }
  },
  "CVX": {
    "title": "Chevron Corporation",
    "annRetPct": 14.562241079495752,
    "annVar": 506.5757498873305,
    "cov": {
      "HD": 171.053652882322,
      "JNJ": 128.78697103309509,
      "JPM": 227.44446048874812,
      "MSFT": 199.9278466136277,
      "PG": 62.49980850272239,
      "UNH": 151.39089801261036,
      "V": 223.49498854101589,
      "WMT": 89.84302586632926
    }
  },
  "HD": {
    "title": "The Home Depot, Inc.",
    "annRetPct": 23.290497195256403,
    "annVar": 803.5089220215834,
    "cov": {
      "JNJ": 147.25912026514996,
      "JPM": 365.7786192532705,
      "MSFT": 372.3299036355736,
      "PG": 139.3336012698943,
      "UNH": 239.9472185170593,
      "V": 202.16262037583036,
      "WMT": 323.1697358825696
    }
  },
  "JNJ": {
    "title": "Johnson & Johnson",
    "annRetPct": 15.544709419368528,
    "annVar": 379.03382164634706,
    "cov": {
      "JPM": 145.96059537681748,
      "MSFT": 201.50675107433028,
      "PG": 182.95563875815185,
      "UNH": 224.65499996177437,
      "V": 114.85694344419532,
      "WMT": 179.6643764844363
    }
  },
  "JPM": {
    "title": "JPMorgan Chase & Co.",
    "annRetPct": 15.311228901337987,
    "annVar": 1031.8240283837267,
    "cov": {
      "MSFT": 334.15565546841367,
      "PG": 138.45097249254445,
      "UNH": 301.7048022243037,
      "V": 224.0466647867487,
      "WMT": 218.46665512381645
    }
  },
  "MSFT": {
    "title": "Microsoft Corporation",
    "annRetPct": 27.730149063413158,
    "annVar": 1099.978528606563,
    "cov": {
      "PG": 119.99690642690439,
      "UNH": 172.68517614299083,
      "V": 219.56253493702727,
      "WMT": 226.54496724822295
    }
  },
  "PG": {
    "title": "The Procter & Gamble Company",
    "annRetPct": 14.354376102399836,
    "annVar": 375.9814644619402,
    "cov": {
      "UNH": 188.72557507922625,
      "V": 89.65924598689539,
      "WMT": 146.1540694286215
    }
  },
  "UNH": {
    "title": "UnitedHealth Group Incorporated",
    "annRetPct": 27.49135581912427,
    "annVar": 1132.8757782002444,
    "cov": {
      "V": 155.31969708390633,
      "WMT": 196.18341107277593
    }
  },
  "V": {
    "title": "Visa Inc.",
    "annRetPct": 18.839476076129802,
    "annVar": 472.36721214905504,
    "cov": {
      "WMT": 86.92877967685386
    }
  },
  "WMT": {
    "title": "Walmart Inc.",
    "annRetPct": 16.11265846016179,
    "annVar": 514.9778164484907
  }
}