{
  "AAPL": {
    "title": "Apple Inc.",
    "avgMoRetPct": 2.3864742832884303,
    "var": 153.03719585511945,
    "cov": {
      "CVX": 18.417940589389506,
      "HD": 30.81624154490798,
      "JNJ": 14.0318478081798,
      "JPM": 27.198971138917493,
      "MSFT": 50.69032302261909,
      "PG": 7.055318286703802,
      "UNH": 13.953941238469977,
      "V": 25.622295365388712,
      "WMT": 19.018669755676886
    }
  },
  "CVX": {
    "title": "Chevron Corporation",
    "avgMoRetPct": 1.2161016914238323,
    "var": 42.21258529383591,
    "cov": {
      "HD": 14.259413520738558,
      "JNJ": 10.728962527146333,
      "JPM": 18.970399849626858,
      "MSFT": 16.663085002700512,
      "PG": 5.2177031853063145,
      "UNH": 12.604424887629499,
      "V": 18.59843441005579,
      "WMT": 7.483123587099832
    }
  },
  "HD": {
    "title": "The Home Depot, Inc.",
    "avgMoRetPct": 1.9202934815294388,
    "var": 67.01453867948673,
    "cov": {
      "JNJ": 12.315140803343164,
      "JPM": 30.38406577998517,
      "MSFT": 31.10555117571474,
      "PG": 11.587601764283924,
      "UNH": 20.09800369373104,
      "V": 17.111053184454125,
      "WMT": 26.971003718853265
    }
  },
  "JNJ": {
    "title": "Johnson & Johnson",
    "avgMoRetPct": 1.2916068927261313,
    "var": 31.600350766195202,
    "cov": {
      "JPM": 12.15809790580634,
      "MSFT": 16.838845062749474,
      "PG": 15.25998234722897,
      "UNH": 18.743947324172925,
      "V": 9.64970459733244,
      "WMT": 14.982901131031982
    }
  },
  "JPM": {
    "title": "JPMorgan Chase & Co.",
    "avgMoRetPct": 1.2681678625933592,
    "var": 85.9038752621882,
    "cov": {
      "MSFT": 27.752126257958167,
      "PG": 11.464837829224257,
      "UNH": 25.167042145870496,
      "V": 18.6323750730598,
      "WMT": 18.20834461581361
    }
  },
  "MSFT": {
    "title": "Microsoft Corporation",
    "avgMoRetPct": 2.289659400994933,
    "var": 91.76158075108509,
    "cov": {
      "PG": 9.985508944570451,
      "UNH": 14.494866888945403,
      "V": 18.56931914232008,
      "WMT": 18.920119484013966
    }
  },
  "PG": {
    "title": "The Procter & Gamble Company",
    "avgMoRetPct": 1.1850960161189155,
    "var": 31.290226624961196,
    "cov": {
      "UNH": 15.776179700093968,
      "V": 7.544360120393749,
      "WMT": 12.195601925570069
    }
  },
  "UNH": {
    "title": "UnitedHealth Group Incorporated",
    "avgMoRetPct": 2.2885657331350266,
    "var": 94.42924161679584,
    "cov": {
      "V": 13.077796648165345,
      "WMT": 16.363345575424404
    }
  },
  "V": {
    "title": "Visa Inc.",
    "avgMoRetPct": 1.5462617408699812,
    "var": 39.57355782345031,
    "cov": {
      "WMT": 7.299674332041693
    }
  },
  "WMT": {
    "title": "Walmart Inc.",
    "avgMoRet": 1.3405704962679128,
    "var": 42.92263485919143
  }
}