{
  "AAPL": {
    "var": 153.01998507516421,
    "cov": {
      "CVX": 18.451115732663208,
      "HD": 30.834172527494527,
      "JNJ": 14.041253976428681,
      "JPM": 27.274220646807546,
      "MSFT": 50.768537467637074,
      "PG": 7.10182826327562,
      "UNH": 13.924544874029852,
      "V": 25.68242575880163,
      "WMT": 19.02156763045926
    }
  },
  "CVX": {
    "var": 42.21510339741237,
    "cov": {
      "HD": 14.278251295769172,
      "JNJ": 10.737630607092745,
      "JPM": 18.967380850619282,
      "MSFT": 16.690654316746496,
      "PG": 5.22383062917652,
      "UNH": 12.617040691340302,
      "V": 18.650527224762175,
      "WMT": 7.489967614723323
    }
  },
  "HD": {
    "var": 67.03880045331556,
    "cov": {
      "JNJ": 12.32687873078937,
      "JPM": 30.41973529183505,
      "MSFT": 31.167489417748413,
      "PG": 11.616099869861234,
      "UNH": 20.093278678295587,
      "V": 17.184001772328333,
      "WMT": 26.978004144460897
    }
  },
  "JNJ": {
    "var": 31.60596666846704,
    "cov": {
      "JPM": 12.174130296024764,
      "MSFT": 16.867233047964987,
      "PG": 15.273130170606558,
      "UNH": 18.742280238637065,
      "V": 9.682975251718426,
      "WMT": 14.986343751925494
    }
  },
  "JPM": {
    "var": 85.87818105026894,
    "cov": {
      "MSFT": 27.79081607213855,
      "PG": 11.466034815490069,
      "UNH": 25.201427465016568,
      "V": 18.730862996979695,
      "WMT": 18.222205341734824
    }
  },
  "MSFT": {
    "var": 91.88019111976514,
    "cov": {
      "PG": 10.030822173397445,
      "UNH": 14.508965249506726,
      "V": 18.740729729643366,
      "WMT": 18.93957822359903
    }
  },
  "PG": {
    "var": 31.302519661012777,
    "cov": {
      "UNH": 15.79216085142173,
      "V": 7.623673149874468,
      "WMT": 12.205677040154248
    }
  },
  "UNH": {
    "var": 94.40826112255196,
    "cov": {
      "V": 13.066604791168746,
      "WMT": 16.360067303795695
    }
  },
  "V": {
    "var": 39.66015724000556,
    "cov": {
      "WMT": 7.318267140749141
    }
  },
  "WMT": {
    "var": 42.92448561114157
  }
}